collagen_1,collagen_3,collagen_4,collagen_10,collagen_14,collagen_15,collagen_18,collagen_27
0.6169521623719391,0.8389135956749225,0.6335754451216689,0.6728971733590724,1.5789655506364477,-0.3130494910912567,-1.1831054313483433,1.3860308475943004
0.7575802846927456,1.6076170031722297,0.7504607546385533,0.706379241042199,1.5241059322130364,1.2860200968423543,1.1846253505323685,1.2836239147501836
-0.8823826199158112,0.4376902743325708,-0.9309848042767798,-1.0045647005345815,0.6909536794843772,2.147200434248576,2.2618709710433973,1.2119170502086127
0.6714692778999638,-0.3417152638746995,0.7670448426975037,0.8829139500476235,-0.784423739470282,0.9814747139995821,0.10911188073284601,-0.0995818829611597
1.201533634910332,0.4630775341956162,1.16514087216462,1.107383898472869,-0.784423739470282,0.35661299077430125,0.997142539915729,-0.39030405937153956
0.3248231225591,1.5735399997962864,0.3091660935848253,0.32340499850442717,1.6303470420271016,-0.7998670036224429,0.27706100901623404,-1.0926540075177114
-1.9818922418275404,-1.3899602123965806,-2.082898899212981,-2.2256564082382795,-0.784423739470282,-2.121167273420032,-1.1406799759396178,-0.33487022168300995
-1.6922773564900802,-0.24703403085548475,-1.755687261088945,-1.7974006329924987,-0.784423739470282,0.4341932269517664,-0.10605674779238525,0.9795035188826247
-0.375450436136358,-2.0403889069795604,-0.2687265636276601,-0.18850031538511636,-0.784423739470282,-0.8477182413951385,-0.8564960583766669,0.20768613396032126
0.6030439267660054,-0.2867076298453436,0.7327230924618624,0.8875268063970984,1.4020872111583629,0.3864527010160996,-0.5522799753359965,-1.4406645266161306
1.2499820068495997,0.9312707609494222,1.1461121104405594,1.0045046523915975,1.6056471568737178,-0.6845885668891409,0.36005397600043765,-1.044538327400735
0.2238066372201254,-1.05368339409345,0.21668207404387949,0.08231042058960843,-0.784423739470282,-0.7149399789377165,0.9549519748511981,-1.3303175341199651
-1.4225926544345648,0.6683674007239365,-1.5148077898908003,-1.6527684493287114,-0.784423739470282,-0.8540435180823419,0.5753753481502702,-1.1878950528514076
0.8723826052342257,1.0819302466883183,0.897791887495782,0.9603228705265625,1.6896482378685729,0.3255691131961141,0.49326068708967674,0.26167568108677147
-0.2740068978441807,-0.615514022131201,-0.23410871555295995,-0.16732746667694826,-0.784423739470282,-1.451685188147997,-1.38014687900051,0.419651091398563
-0.050804345616806974,0.12528950387598797,-0.045369217016240165,0.017236059613610823,-0.784423739470282,-0.5538537805854208,0.5859737040739038,1.2436929137498047
0.8609457563278984,1.803129435205174,0.8623869918060239,0.8519961536717633,-0.784423739470282,-0.6264050989667743,-0.4430287482653412,1.4927440066024267
0.4732353075610211,0.13583455792617005,0.4657021713442595,0.4599054022786937,-0.784423739470282,-0.7268247981968766,-1.1185273405320233,0.3580831847591676
-0.5405157721521604,-1.8320908336096051,-0.4900193485206046,-0.42613765135109594,-0.784423739470282,-2.3732765841074266,-1.489329173770397,1.4773952508428663
1.4239610552969888,-0.5280174279337004,1.2947639911832405,1.148779690444334,-0.784423739470282,-0.632551725066515,0.7644750014064909,1.8757949988005251
-1.6538155562994445,0.19269882035169217,-1.6969433441445891,-1.75539490745214,-0.784423739470282,0.945731874112972,-0.021759505126739118,0.4065028307790283
0.2679611342159323,1.0250595741243533,0.27516378692649773,0.3419183713683373,0.8149932580515253,1.7704276034931152,-0.1735734512113734,-0.17634407933637775
1.6102099732568176,-0.04087845396223928,1.5027542742490854,1.339921446249509,1.2047886622212811,0.24040736990498737,-0.18577510377307088,-1.360457723305213
0.5364220992948742,0.11980952545178336,0.4960091679370682,0.46992885085817493,1.648361297059664,0.15412073492888212,-1.0615097435383687,-0.8563307892581804
0.16076953745006242,-0.5635345053891496,0.16783049977662834,0.18809240877138866,-0.784423739470282,0.4269271924188854,-0.3283439162983484,-0.04148873913461049
-0.4892132166071224,-0.5184862290980561,-0.5010876504344234,-0.5029183602328237,0.7690077548823896,-1.214871289111325,0.1249947421128657,-0.5715917234866258
0.98699145342405,-0.6971350889880772,1.1475375527270766,1.2297368052550988,0.8801080719439933,0.9229099617737783,2.065330596528473,-0.31604683309578263
-0.2625395915184565,0.10468564579933895,-0.2784847428246777,-0.291888999135704,-0.784423739470282,-0.2691504668369489,-1.2901684766238481,1.2519190316308084
-0.736453943174961,0.9415610951578494,-0.7328122402309817,-0.666059249552251,-0.784423739470282,0.1621934211802985,0.37077696758072437,0.5870262228407118
1.1734690799476397,0.6143506805802927,1.136666615146241,1.0605828254469476,1.3970762282107183,1.3862242082029526,-1.2233409482162703,-0.6035038545531876
-1.7103453250636422,-0.3984048172907419,-1.7526904077041892,-1.8039247014705686,-0.784423739470282,0.3690348872739919,0.3009274228488782,1.5842030940101204
-1.3011136438646227,-0.5737562441168261,-1.2031783801570886,-0.995164918764448,-0.784423739470282,-1.8444475939214913,-1.3034688147628881,-1.3544906049278636
-0.7367333358220298,0.12309208528252145,-0.6781472570847598,-0.5904806154926833,-0.784423739470282,-0.024631412447205882,-0.3185748435354161,0.5127316707123766
1.2127661906630867,-0.07539557127349385,1.1940527988795429,1.1319328520957483,1.4715994051209378,1.5499572895326885,1.0286751345813083,0.7892654863676882
-0.13844147953569097,-0.20077251246092906,-0.10971154135310202,-0.11073555553300293,-0.784423739470282,0.8396862704064901,1.4646462526194517,-0.10464456744891325
-0.1700043632302363,1.8767042486001784,-0.19707330645226695,-0.29141985636395107,-0.784423739470282,0.688624409199028,0.35300018562888197,0.8982721804878399
-1.0109691517165533,-0.382814250127864,-1.0070649771304032,-0.9756394780643738,-0.784423739470282,0.716891244526445,1.7289744117141437,0.8240166254224291
-1.0629626094110325,1.5115046941311845,-1.1073432427628378,-1.1973216428609608,-0.784423739470282,-0.7083911020557663,1.6870090361869614,-0.8076845760991712
0.29815270730751725,-0.6939712294865742,0.3866933153157142,0.4689792959565887,-0.784423739470282,1.3617501981087254,0.11827092837511603,0.9422279386687443
-0.08287283877180573,1.1120311566570316,-0.05132510431146717,0.066089478229666,1.1712877362777678,0.4057391966487417,0.7527478721416976,-0.752625743738856
1.4143988049156224,0.8707175344874554,1.3268956124083386,1.2164574615042942,-0.784423739470282,-0.3408069143984985,-0.604022116982379,1.4411691913471927
-0.46098479320190644,-0.5660696211474463,-0.30845460482044823,-0.30102227484030813,-0.784423739470282,-3.202252417424911,-0.11163107853828833,0.20608440645722687
-0.6802343381195071,0.38173040354561855,-0.5302814546033933,-0.2719542706707398,-0.784423739470282,2.0525775118168768,-0.03669839335838659,0.6112185096260574
0.7051177741436806,1.1678614301192722,0.6733893811123061,0.623718860226441,-0.784423739470282,-0.25983030109573696,1.188007248146851,-0.2620877164579747
0.5607591680379644,-1.3435613440598886,0.5205255663455717,0.49521448096855897,1.388550465435601,-0.6157799261213112,-0.6252405936311295,-0.01615680936684089
0.488392342646765,-0.4245836879555278,0.5899814432305562,0.6136186032262301,1.1117145088155511,0.8308897565967651,0.8983621283911438,0.9807453241985776
-0.11911095608896402,-0.22184342624488412,-0.06324592443245851,0.09352528887331629,1.494957063566933,-1.3751445623765313,-1.5411365638564603,-0.5097634359957013
1.507751212404501,-0.009412161428603159,1.424000363532639,1.273323303138383,1.1348489617015118,-1.084870643454192,-1.047176044816393,-1.3584549679386877
-0.15886479177802135,0.17664993175648452,-0.10362098781416106,-0.029000558643635748,1.212488273912655,-0.9149072547668132,-0.04308725757827071,-1.3281963756926773
-0.013407613191476583,0.5238252386321708,0.008882600905095501,-0.030011416874705085,-0.784423739470282,1.9835589768810904,0.20850084370345956,-1.338194308774908
0.6605532910162641,-1.1131174687230607,0.8364082933048166,0.8680366301208573,-0.784423739470282,-0.07114226164541153,-0.9576017419291579,-1.9509288825111413
1.1350191092862634,1.804671192863061,1.0285407202693342,0.9211368333189712,1.1311886677203056,-1.447195484688517,-0.6106077843540564,-0.8677554914073636
-0.09645013147707929,-0.08323866474532628,-0.03211490750052197,0.14791495922903317,-0.784423739470282,-0.1503801620331032,-0.7212607746834231,0.6147576037545804
0.6707560663772927,-1.3082646752447258,0.5963788166964742,0.5166536866634706,1.0211678160416464,-1.1463633465589118,-0.5039380057519146,-1.4025772656668205
1.3279667936029889,-0.23722515041132014,1.3038840138491337,1.237349733713652,1.403573401690775,-0.7551762866147587,-1.0586711970024005,1.5990516177003955
-0.49417727514743215,0.8663716871316747,-0.5080516743638179,-0.5486141488102692,-0.784423739470282,-0.292935040709203,1.3005788011879993,-0.6939858033013844
-0.2912554543360491,-0.47358796897084154,-0.25279999202351594,-0.24755106822818726,1.187444145849866,0.5185817240240793,-0.7401527347020692,-0.5226126836721708
0.936572411030462,-1.6695532539046933,0.9839284034739748,0.9979786148987893,0.7546936965162482,0.6371217298166205,-0.5131777149650406,-1.3133229682834262
1.2399944629627484,1.5120916457408622,1.2500344432418817,1.191384149346487,1.6110149664438085,0.1051441594488909,1.3546290169507522,-0.16421477028940326
-0.36630110546734795,0.15376648027541617,-0.3516749110351075,-0.2582866396078039,-0.784423739470282,-0.8708821464475093,0.5821692625296953,-0.36067068100913247
0.8959653252668163,0.08924461430987872,0.990421380923291,1.0519848231058848,-0.784423739470282,-1.1286672256325205,-1.678571578284136,-0.784306276340207
1.4366904603650767,0.2987273112691039,1.4068928542147767,1.290325838552803,1.330116246552622,0.2007117285811291,0.5302380653513297,-1.118609125199874
-0.3314260974093017,-2.244643823410628,-0.30301079346025217,-0.28847458480047156,-0.784423739470282,-2.343330233518218,-1.1872298728616377,-1.4901381674314824
-0.11630334090850838,0.7615570751655837,-0.18520450805143598,-0.25990801428747456,1.2883696036429717,0.3244752438605217,1.5473902363203889,0.49591773088034824
0.5882068139816555,0.4285129579923483,0.5941782242036505,0.6365235328258649,-0.784423739470282,0.2505209040292182,-1.1317262070968064,-1.0089988905386391
-2.117051998991041,0.4222314200215428,-2.157134952484347,-2.1807116604760153,-0.784423739470282,1.640759496116069,2.2090009157835655,-0.2711491542284482
0.003202923762522697,-0.051209987197153646,-0.14923746813244573,-0.37074251752671666,1.6130921911832456,-1.4590064006199683,-1.2974746007629827,-1.5873703155962693
0.5720397046050819,-0.41129956009718266,0.5873422015308123,0.586591031648372,-0.784423739470282,-1.0929463844763572,-0.22155251964893108,0.7428014141049314
-0.181435069582868,-0.9427196751129122,-0.03915868592926272,0.07086487262154673,-0.784423739470282,1.5121055658189402,-1.793915701436424,-0.805230528689191
-0.02894697410595182,0.5875022997490922,-0.022222982553387043,-0.04549961795931438,-0.784423739470282,1.1712657252023766,-0.776092212474161,0.6362991159280822
0.3287790396755853,0.9959380497229916,0.3097349303635353,0.31963294386678115,1.296181324963098,-0.29431600092399457,-0.5559943246158232,-0.6950340116683682
-0.5553923387298496,-0.8179657007602953,-0.580589129099299,-0.5526550295787391,1.4150985191276966,0.7245795724624527,1.2945089081758028,0.10701395022959787
-1.4921780790111083,-0.9941604347378675,-1.4578733033828204,-1.1899453918132008,-0.784423739470282,-0.7803912771318049,0.4149884059542679,-0.7433756958833809
-1.3414320877374997,-1.0226302682866397,-1.296119991658708,-1.2563080472908599,-0.784423739470282,-1.1913842605655853,-1.1824182563957195,-0.5240415879662756
-2.272724737397966,-0.44034570948200774,-2.302424780915066,-2.3379411788905,-0.784423739470282,-1.6525722777214709,-0.7775209048102331,-1.0366469781633498
-0.5516630324148559,0.3135751712606849,-0.5734978932534074,-0.6367309183062442,-0.784423739470282,-0.01938968681987736,0.9101214038560725,2.323645941277119
-0.7992510441408399,-0.39525669271523145,-0.7001461886369561,-0.4544554475178729,-0.784423739470282,0.6531636001517306,0.8239258042201448,2.040455775368321
-1.924835204055049,-0.4240468482324005,-2.043920970124629,-2.228943904115015,-0.784423739470282,-1.066605829340419,-0.888363530921704,-0.40377680243560354
1.0485649172390878,0.36177136544998745,1.040470428270349,0.9869809732486116,-0.784423739470282,-0.9779402552457462,-1.1279437836433677,-0.19261455943424066
-0.80127636132328,1.326736131154564,-0.7740666651776761,-0.7114750105870732,-0.784423739470282,0.03527421356225954,0.8025251171604112,1.3734864769575028
0.9703060470092302,1.5674951705225022,0.9458060523437252,0.9080323382548421,1.2571121153773843,0.44477072287425534,0.35474808949025494,-0.4501741880682908
1.126761986290459,-0.10192847285063117,1.0428867128308654,0.961595593582802,-0.784423739470282,-0.6318491263541557,-0.8882004474178344,-0.45475612094066165
0.5771551517830669,-0.37426936344170636,0.6142428554620739,0.675501398224668,-0.784423739470282,-1.314925638520645,-1.248344269088892,1.5939871506960768
0.3341861905484674,-0.007700906941994063,0.3087871924124327,0.2397215848460251,-0.784423739470282,0.9030452168990493,0.47593550141498164,2.0542790768056785
-0.22291853950670365,-0.8017474762827149,-0.288620372795916,-0.322312357847924,-0.784423739470282,-0.08287103235278838,-1.4516097107138535,0.9793441171011125
1.3415257026101182,-1.4189363201535077,1.319307798496582,1.2381277437925722,1.3176448060342159,-0.060348866596642584,-0.1821037327520014,0.1891532576290155
0.28704662347119914,0.007613885719118052,0.36386111379534947,0.5098394681609474,-0.784423739470282,-2.5965215831853565,-0.5314680401854889,-1.3464453345146845
1.473703394895863,1.368355305232551,1.3736534162738046,1.2323738108709876,1.5089950262197247,0.706164883670879,1.9880225915465037,0.3745519646147246
0.8162545670708773,-0.2666596975942682,0.8063557441941136,0.785629190523687,1.4327776573956328,1.1958657787233522,-0.4335464448105368,-0.3873744353396609
-0.9749127370385674,0.8870928689666858,-0.940759850715197,-0.8119929373353444,-0.784423739470282,0.0011367690623396195,-0.9484058147661989,0.6070851126242914
0.7335052435184368,1.0438411081145968,0.6836787152064875,0.6231828214658129,-0.784423739470282,-0.755810032273382,0.3801250929825496,1.3377363319016347
0.5862186270001731,-2.3318583648368554,0.6957230364533403,0.882852305717734,0.9812508597196912,-1.3426698718965422,-2.11399707991667,-0.43931060050256787
-0.4024176890833505,0.727613219523417,-0.40974419829069214,-0.43958351506933574,-0.784423739470282,-0.6097690488033417,0.12852962723592654,1.0316751314645851
-1.811209439973528,0.3436832196839601,-1.9334616233747488,-2.0486352830713614,-0.784423739470282,-2.2800119330574757,-0.09256628338901352,-0.577575814115336
-0.32365411232398134,0.331201873870717,-0.3326428577705833,-0.38332914046900357,1.1127578743342652,-0.7155287114151081,1.4142474468491224,1.6740901182866004
-0.7871545956255854,-0.2141926312163703,-0.6673877914228011,-0.5641372697726686,-0.784423739470282,0.5461932527170659,0.8640052559677903,0.6831374861419098
0.02659021413992352,0.1363491450533457,0.005282421358162165,0.00496243171689327,-0.784423739470282,-0.0170019989093983,2.5704057988732405,1.2770717836567727
0.7129048388929461,-0.6999763181356197,0.7897569341385094,0.8391001730457515,0.975514597603847,-0.2118888316783399,-0.5769501842100246,0.6465478678825943
-1.4306045616471028,-0.008172840240840109,-1.4502959155500261,-1.4739149384007764,-0.784423739470282,0.9475868157389395,0.8412363697016987,-0.4574525435608642
0.857165486682686,1.272528679766738,0.9111738283287236,0.9330771060244091,1.615492053372559,0.4241239881795052,1.135124475523725,1.0509231389646465
-0.10939521263130748,0.13678939054547395,-0.026335767895688398,0.051358273305285015,-0.784423739470282,-0.10040368446559049,0.6417629697972732,1.7492851302730643
0.6563586954552536,0.24193120324667164,0.7061132319878598,0.7161202153584717,1.3857337452082508,0.33293467994947,-0.8092090362302291,-0.5096920956925317
0.8912840072047716,1.1140378248666973,0.8733293692264628,0.8835644470679672,-0.784423739470282,-0.19233384105525486,0.05734948392681781,0.24721166085858354
0.8587019986684478,0.35165530650399396,0.8149117771943696,0.7537173448578857,1.3698969064764974,-0.3899129477836914,-0.46988365041213,0.7203853555865086
0.7943663788006011,1.7019845005451344,0.786176038824008,0.7365118102610282,-0.784423739470282,1.2186577335496533,-0.959021934448038,-0.2630606963132361
1.5177537550254399,-0.8623281363574972,1.4524745180620273,1.3262281091776866,1.2138918171932211,0.3945042250319229,-1.0605896026643902,-0.6030392535411915
-1.3639301467346405,-4.6805112937622475,-1.3379358543419413,-1.0846596898745673,-0.784423739470282,-1.3347999622825477,-2.6666316108853265,-3.554871912265559
-0.11884764641727415,-0.6444765415670255,-0.06670917937243248,0.020731266707949805,-0.784423739470282,0.9416760559690975,-1.4997330278570558,-1.0159878336126198
-0.5393044793989072,0.6416966833505081,-0.6214806066774472,-0.7366752550910316,-0.784423739470282,0.2953171797489859,-0.0037840432472829137,-0.3798124840385417
-1.4319565152328606,0.727638563011164,-1.3890402589026707,-1.237392742079579,-0.784423739470282,0.35832189182187785,0.11404762284719473,0.1815921272479683
0.6938390315346106,0.6427559850042907,0.7370745985176854,0.7864615333748058,0.856464002839856,0.5724580495877842,1.097474718883309,-0.7249406741726487
-1.464681826977124,0.30803206957476226,-0.9958426404148973,-0.308258744189158,-0.784423739470282,0.5660770111386046,1.1338079819306048,0.8599804085532873
-0.2334181380353399,-1.1709136352882943,-0.22380958045772764,-0.25962837955135704,0.9934313391165143,-0.10951947396361472,-0.31417726706034743,-0.5286231058506721
-0.5769239503621777,-0.3734635529784525,-0.5790116480158556,-0.5615355437400802,-0.784423739470282,0.018559922420758206,0.9767669041455634,1.2808169883409397
-1.0789964773793776,-0.7798138957934627,-1.0521782685850098,-1.0044995893426518,-0.784423739470282,-0.21790200935018703,0.8999833079508751,1.9972829234673126
-0.18206864018469338,0.3980969670633461,-0.0650662289941704,0.040406470382110767,-0.784423739470282,0.027512339059506407,-0.9322592418482327,0.13425402240170212
0.21421808641840237,0.7301540063713928,0.1804385263269088,0.17397679222740625,-0.784423739470282,2.092448465529565,0.152145013676129,1.0991471515175897
0.27492903402842106,-3.553987311395545,0.5784984126898686,0.8634228950779645,-0.784423739470282,0.029822833099615288,-1.0395937581465022,-0.34461896398932257
-0.13575826273546604,-0.8788352946522316,-0.18222039586579697,-0.26528964604862754,1.3828257619239142,1.0601929325035033,-0.36362047096628275,0.9702097101278535
-0.6543461667463162,0.17321953157447126,-0.6170676215259561,-0.6126423657657044,0.7267125544840988,-0.8049679686406804,-0.8426088173894917,0.4077150331404141
1.0480574818991748,-0.06654060992635655,0.9768959781320321,0.8541471029391913,1.100697367716875,-1.0121858426563297,-1.2404958552518903,-1.0467007536774215
0.8749432050304214,-0.18875078450120708,0.84715447806698,0.8227798539478158,1.13361588359581,0.041504273698852116,0.7346595245156469,0.5036139050356464
-1.2679983493887124,0.5150249897448063,-1.3583971346984212,-1.5049311923994948,-0.784423739470282,-0.5660131842337203,-0.35400135019442397,1.0646513778100193
-1.0339363858261894,0.057847821526263006,-1.0096387995599327,-0.8713239730984379,-0.784423739470282,-0.9368353458921761,1.6459295367857105,-0.3111769392312359
0.43868161770773073,-0.23232996626711994,0.43262338976088266,0.4799946738443137,-0.784423739470282,-0.5833454053275482,0.298764607721098,-0.34440823623405653
-0.3767755408670301,-0.13259038158547926,-0.3902539159151691,-0.38614823482783045,-0.784423739470282,0.5506229624983767,0.4808558872490039,-0.18422704220495079
-0.43770012079081266,0.6953538906332194,-0.4084725754051247,-0.36692455909714683,-0.784423739470282,0.8059812131523757,2.37074167209731,0.3198407980240023
0.12956307791006771,0.08090217165176619,0.12455330319153024,0.15741254390906503,-0.784423739470282,0.3036396701358834,1.7242102588509878,1.0196729150659445
-1.7701111358268666,0.36604401061914205,-1.8435604789088351,-1.9715517140111491,-0.784423739470282,-0.1527821286082269,0.03941954710457107,0.8386746994302419
-1.3534300159592552,0.9136790155090818,-1.4166037085319607,-1.500311811379771,-0.784423739470282,-0.246904394609486,-0.8980460502126237,0.2586868277574456
0.5164596280117816,-0.29427199342875365,0.5567430300253965,0.6583466502576405,1.5595965918291166,-0.07248706046188354,0.30130249983609503,0.9033111198150264
0.8311999843563763,-0.7952458499510379,0.7775041024347041,0.6733114101188086,1.3983383581582507,-0.8090731976134158,-0.9580423613945871,1.3288224629383054
-0.691569291325754,0.29091862330116125,-0.7306101918013624,-0.7834449352078524,-0.784423739470282,0.16847038979734197,-0.42508968811322956,0.8510335372736112
-0.2505286982054266,-0.8950197781207325,-0.31447817933669764,-0.3876100536780351,1.2305175897385157,1.2506562654576674,0.682515144084834,0.9387104449013105
-0.5816260476211499,0.7618504105402935,-0.5814358126600873,-0.5628492835069959,0.814763080692523,1.0662505440640717,-0.7580996762040378,0.11050182663041087
0.19941571994572355,-0.3833094673646724,0.2454590614501309,0.3839495847653096,-0.784423739470282,-0.13587563609738515,-0.11606172274735861,-0.046066586117922276
0.27024062167193963,1.1032747650970487,0.3369569895868131,0.3915117338622585,-0.784423739470282,1.1282401043116506,-0.03402872758401572,2.0476988226300117
0.8011317137839181,-0.24769077645290105,0.8286299867992103,0.8587621740493475,-0.784423739470282,1.8788622366453251,0.4164313708952441,-1.1887443939557116
1.4815285045572322,0.39448886793834104,1.4054169781760801,1.248846979972845,1.3781947297110815,-0.13974646748967506,1.0360746706025463,0.7566627350659615
0.08708742452577356,0.11259142027483014,0.00021941735208362602,-0.07540442168356479,-0.784423739470282,0.2344655580959396,0.30256394977674583,-0.35260938212826387
0.9533867130250363,-0.5561739042662229,0.8656375864378973,0.7914698906182062,1.6434618250569037,0.5337398095181782,0.6256603251160154,-0.21575423978514457
-2.049992936735141,-4.032697873313639,-1.9713359816247746,-1.915266753222705,-0.784423739470282,-0.1759047537150699,0.6267554360831956,0.39334949508542594
1.2728803881018318,0.48358815559976726,1.1878020967092526,1.0625374646398595,0.7327827439300696,1.0502368250676029,1.272189568084838,1.5635693602935552
-1.9903002509624452,-1.7918085394801928,-1.9459370661808943,-1.86325821533745,-0.784423739470282,0.0025654218238344542,-0.19681587973181,-1.8742825367705653
-0.9640800316085767,1.0324793489244979,-1.0032393821147714,-1.0143851361396545,-0.784423739470282,0.06945548390167162,0.11385043097919834,0.23585411440128073
0.8984221642062213,0.5835423542507917,0.8496766503328518,0.8343408577595851,1.0900591439168095,-0.13553435945401573,-0.060646650769451596,-0.3308196245912546
-1.2755265646833875,-0.06453078416591303,-1.2691746937194404,-1.2548857136115905,-0.784423739470282,-0.5884519305125308,-0.6254446961825825,0.20540965567114564
-0.7279532302547369,0.4521368147546035,-0.7555068812785117,-0.7635609430139917,-0.784423739470282,-0.4537984150184735,-0.3949580858167351,-0.04000010872327752
0.5592049569413345,-0.6072117087040368,0.5314926651737768,0.48358688652411325,-0.784423739470282,-0.5854867202055201,-1.5915033023628464,-1.294322986343291
-0.4186274221343524,0.09055153993837006,-0.3511456224658586,-0.2990822863009072,-0.784423739470282,-1.0259259914386099,-0.6379697093550432,-0.3856321608426771
-0.8889875704784526,0.5961768180579244,-0.9653706501237043,-1.0258698405876239,-0.784423739470282,0.23506980645277517,-0.3546731350800165,-1.2497052143363467
-0.4174764030761555,-0.6831967178195453,-0.43480680467943095,-0.439521735023831,-0.784423739470282,0.30523314412105124,-0.3950313663432366,0.33774982409666604
0.6354463767494309,-0.1422825025961349,0.7613666362305345,0.9285207359915869,-0.784423739470282,0.5903941415331276,-0.6458032542214366,0.29038152955815566
0.5482287481648013,1.0396115063703655,0.526248165463777,0.49552608736021203,-0.784423739470282,0.6754281680795177,0.14454193568482218,-0.46499962938469347
1.2031973542624042,-0.49387661649944403,1.164724837221574,1.0950162996879307,1.2517685775197778,0.6739428347746128,-0.9607800908525252,-0.1043429232640764
1.1815197844428968,0.9727159510952704,1.236738706825432,1.2441066840434682,1.4639843230723724,-0.8274673455943721,-0.8997868844166199,-0.8674764971655052
-1.302464706846744,-0.927849370707518,-1.2526661480821204,-1.0864990719901422,-0.784423739470282,-2.006026751112347,-2.547497541784319,-1.319480769770219
-0.664208127103647,0.2097769284524833,-0.6314698998935951,-0.5778818264144403,-0.784423739470282,0.3047291881635552,1.8851794984352772,0.325411710306054
0.3818321501094303,-0.0884159743453841,0.43471658433672544,0.48451428484392334,-0.784423739470282,0.6989647825271145,2.204382815305526,-0.33921925080999427
1.3346605218032805,-0.8179113186622505,1.2811072153715817,1.1977642454217876,-0.03397623755560285,-2.0064827349404357,-1.723146137896605,-2.670109217564077
0.058629723606914146,0.8495492012151673,0.04341853243343596,0.008348964891166965,-0.784423739470282,0.7585842231474615,-0.4221385207398765,-0.46766950594290585
0.9025598402383489,0.39455947408946995,0.8952699010582822,0.8791354372446735,-0.784423739470282,-0.5818034697970571,0.5053192590232122,0.18971205455549658
0.14868064110730383,-0.02187493432758735,0.17042768086452567,0.22362189196554927,-0.784423739470282,1.7994053506645549,0.8402268957067164,0.15042218306533142
-0.6712217118374049,0.3221261806502894,-0.6281243869011357,-0.5635335102211536,-0.784423739470282,-0.5918707214734231,0.13448292073944126,-1.0269784849064443
-1.1419956270904428,0.3893751231991984,-1.0529026652692177,-1.129898312897873,-0.784423739470282,0.3097829925594708,-1.185887791997543,-0.6286683560047093
0.9653404873088531,0.8628389214612003,1.0353196705491052,1.1196302677898982,1.1745297847861618,-0.5679151847321717,0.3435921464016233,-0.4254039389598898
-0.09731335896237701,-0.3384969668606494,-0.02361955285721902,0.14226420620233432,-0.784423739470282,0.22414505196827855,0.9549770075487671,0.7164554332073423
1.2164120201904487,0.4991057577621992,1.1553575241292622,1.0336099680118123,-0.784423739470282,0.7849022625226483,-0.38133917012946145,-1.0917136858448078
-0.4704809631559643,0.9375135552053889,-0.5196854348446731,-0.5636304751677809,-0.784423739470282,0.12753282420738357,1.5652266384945401,0.09737693497563221
0.913660193103155,1.2198443180154002,0.9064470935440312,0.8751112537426157,1.1811041965501707,0.12907058336995522,1.1491311485667708,0.4333339244257914
-1.4405505701079286,0.09787472316838859,-1.4529968773768833,-1.4853506276307566,-0.784423739470282,-0.04809533945607525,1.581808450623903,2.3730373163995773
-0.630542103180366,-1.187818897684658,-0.5945181404712909,-0.6060947387360939,-0.784423739470282,-0.4069448730468111,1.6915048034512492,-0.31564086457319895
0.6966478676939089,0.13217850938605516,0.6918024536204407,0.7284739689764222,1.1633312083320593,-0.5164740799650213,-0.6523326524286494,1.2653805521615962
0.4545248578715497,-0.7316214690347789,0.4688102876290234,0.48914042060662855,-0.784423739470282,-0.1252154110046109,-0.08630701913597444,-0.3917288909470957
-0.4336981138354725,-0.7043168166440065,-0.34634513428961855,-0.22261422368353267,-0.784423739470282,0.4387231486866706,0.2659569804475715,0.19524739817982442
-0.05978725433323546,-1.0711146068494932,-0.04396988325798645,-0.04286797893576994,1.4336351822647226,0.24065534036259167,-1.1036763444603865,0.086178668235677
0.11112459926605747,0.08149605191383454,0.10106291930017174,0.09346998694434823,-0.784423739470282,0.734882022575308,-0.5975468689201453,-1.3745652814031777
-1.8795362475099893,-0.4216557485073106,-1.869653922734453,-1.9808295099397943,-0.784423739470282,0.5592337294589065,0.19676574436858635,-0.16807792109811898
0.9243007137837719,1.0401789760163769,0.8403964648956161,0.7775397994314851,-0.784423739470282,-0.43618994350286483,-0.7762374314622268,0.23557470851853893
-1.2715195965403208,0.3362651870788374,-1.2486284563154606,-1.1439382405640486,-0.784423739470282,0.7597327206402427,0.8164201600569736,0.727225154230377
-0.5208393852668437,0.7398091867368092,-0.5020690924047309,-0.4118378824911772,-0.784423739470282,-0.7549445618283921,-0.41173556031396646,0.5251557816923864
-0.19174218814792385,0.8282597622500668,-0.21024280639486162,-0.22756514012113976,1.7058486056587785,0.8680332552660026,-1.2092440563080609,-0.71409721246704
0.9601187288080151,0.22454891455683723,0.9972494973793933,1.0053014808867227,0.9924197478095685,-0.0029496395912380164,-0.2488811694064637,0.9785569447673381
-0.1536460854138466,0.4855047564686157,-0.05076585304377663,0.16749519210347022,-0.784423739470282,-0.6527028144863873,0.5987488810368042,0.24732092888118345
-1.3730519255176632,0.9623016807795843,-1.3557265454093668,-1.3517044494752015,-0.784423739470282,1.4521064357349476,0.9044166397160069,2.384487655116852
-1.4945093054073784,-2.062639605589952,-1.5303414477493518,-1.4839262834884093,-0.784423739470282,-1.3056284912675442,-1.7385119066798203,-1.5806214142268769
1.4320104889174903,2.0217481253788874,1.3365692430048919,1.1978288003027984,1.368133090801686,1.3250006101020635,0.24561458264525418,-0.6629543535909531
-1.2993134486293842,0.36515657506392446,-1.3389533558628561,-1.369454393680147,-0.784423739470282,0.9730067494888153,0.9447312245395016,0.33172679287391427
1.1035592471296969,0.6122497652125581,1.0283961715238026,0.9265591729012935,-0.784423739470282,1.0389123196856938,-0.4292095221262253,0.17824605323085488
1.2246937639003908,1.1494670114824013,1.1589950549993602,1.0576951608643341,-0.784423739470282,0.45322982156000613,0.5760951385335358,-0.12109349222139651
-0.9294334216380276,1.162128292366646,-0.959821022823811,-0.9274414779435979,-0.784423739470282,-0.15609338666380634,-0.08867078733835167,-1.2557724050759875
0.2047093066405316,0.23371601658075386,0.1278510990068594,0.011330843130861586,-0.784423739470282,0.21324987714323126,-0.29028794190607715,0.5113963810533335
-0.7536270707163645,0.36497460507829177,-0.7403294326955496,-0.7320804972671204,-0.784423739470282,1.7168676230289,-0.23113569299185552,-0.8412383749986373
0.6841791369059073,-1.4127937765747636,0.7127234390149029,0.6985568828240537,-0.784423739470282,-0.28835337993202526,1.239845404023931,0.9368748346869707
1.4731829572828399,0.7112170870600626,1.36853530602149,1.232387098527932,1.0909571646795515,1.092297144340464,-0.04523376226106654,0.14000305939461413
-0.5087535960240596,0.12225095330217095,-0.501717910177453,-0.4906270072142504,1.3521366103271872,-0.5333665094566553,0.8935824004931595,-0.19326823670041957
0.6596795325583364,1.5240721442051948,0.6422933826526649,0.6541515384648732,-0.784423739470282,0.26597004267761376,0.75370502919063,0.5383745319770361
-0.1769909214501363,0.2488811171414682,-0.13795947878245293,-0.02023770666652343,-0.784423739470282,-0.5177424835267195,0.46645114632801127,0.8305927569390977
-0.9966866534454099,0.23828159405940427,-1.0518982555400331,-1.1257551204510248,1.2569129353900865,-0.18967821811959476,-0.10680365890017363,-1.1705183152941352
1.241243195755633,0.24035710665902968,1.2438356456860606,1.210115583654159,0.9745862587829893,1.0833783695295685,1.6620216048455563,-0.061925910083723966
-1.4380961374779004,0.8166904105011931,-1.4491330839700964,-1.490825352944597,-0.784423739470282,1.148412136998684,-0.2333235891445881,0.22966881937036188
-1.631973966639982,-0.18265964467336773,-1.5195045762156567,-1.3613911018459643,-0.784423739470282,0.49842170768342436,-0.3296472480427788,0.2818081502923318
-0.45983586825214484,-0.01775994169933131,-0.30371992250863056,-0.07894837080490699,-0.784423739470282,2.322019863327274,-0.03136870030259534,1.0361673931092634
-0.4930741950656109,0.42348192158089343,-0.5427916430654414,-0.5661713003530123,1.2056785243374588,0.03298352053858289,-0.0277069719493842,-1.2242080334615217
0.30139268388165613,-0.07567058579545512,0.4582339241792728,0.6437136225094712,-0.784423739470282,1.0485999357237787,-0.6546021415796598,-0.7966148719385315
-0.7950211149897936,-0.4453308097314907,-0.8242987839438017,-0.8936086710539749,-0.784423739470282,-1.0017724668374173,-0.6166181544190535,-1.6182620129748493
0.8422442194885108,0.37553980182094876,0.8851387228181992,0.9220248171902427,1.23815099420764,0.7210299694096152,-0.38413978713162095,0.41283561742782143
0.8698437743119402,1.1115663600193177,0.8313658937562877,0.768404015934869,1.0750602858408376,1.6565675354391611,-0.13762792261588952,-1.4706294309872483
1.010354305252636,-1.2043590835562137,1.02546778518439,0.9843840717935003,1.3620148881601193,-1.2911070188744238,0.36004895394729297,-0.47082535743528314
1.3300718957487254,1.064175393367228,1.2644586482084401,1.1472165733345097,1.2429519468542891,-0.04020344034167413,1.3426976569286806,-0.6138039203251997
-0.4001920889350218,1.4369290018451448,-0.4159179645964159,-0.39206639952058664,1.117783285285563,0.2818111563865573,0.04423614585549802,1.4676805982973682
0.5998976965979975,-2.323289642820581,0.5263606930685598,0.49243095561955047,0.7243161139387829,-2.3058302213360746,-2.2872440276742614,-1.8984134017509784
-2.214226662353351,-0.16321232129724741,-2.300215331306218,-2.401914288555771,-0.784423739470282,-0.25256868579023717,0.45717879789356586,0.7649015827199577
-0.8840390321034083,0.12564792349682943,-0.7988955688390836,-0.5885334519607577,-0.784423739470282,-0.0806288282348892,0.9360604621449523,0.5234662911269263
0.9665201829359173,0.397340948493086,1.021043651512413,1.031522299969117,1.4655729806914837,0.35979449858863116,-0.20365210945328396,0.2667246404843825
-0.4884174613189105,0.8308270580528251,-0.5516195218964595,-0.6325420002831439,1.5408550492659048,-0.07647822893943426,-0.2953486067131849,-0.05110163593605739
1.0087505047551963,0.08020634550892462,0.9517743832478887,0.9389875491058656,0.7935747706323901,-0.9939490651455568,-0.8015860595772669,-1.861925039512074
-0.9498618758856328,1.0441564056429806,-1.0019278594712075,-1.0671208093078068,-0.784423739470282,-0.2693052128314888,0.5293721746927673,1.4417797877725507
-0.12521076633098252,-3.529761175826721,-0.044722696733884265,0.07791980913721704,-0.784423739470282,1.0861448685265407,-0.09674898121890815,0.046203576443601534
-0.35743762564795073,0.21650297724557785,-0.2284682293236287,0.01485568297818132,-0.784423739470282,-0.045564546505343605,0.5662826650016278,1.5054719996119754
-0.373750653049545,-1.7383593227693575,-0.41975091955038035,-0.42094350679680753,-0.784423739470282,-1.6631550406673927,-0.55538867618396,-1.5104484482204916
0.04998558902756253,1.0909509093507113,-0.01027905135315808,-0.0061155603515191765,-0.784423739470282,-1.603488656314086,-0.7760192379532856,-0.6658704164140438
-0.7959090915707548,-0.48535958515974476,-0.7057407815341986,-0.6082224252592846,0.3477265249994711,-0.4585108807868604,-0.3398770236801318,-0.26103268193534424
-1.157344095681082,-0.27035036416153296,-1.2180119924895907,-1.2793299016917707,-0.784423739470282,-0.43737008500749014,-0.27322978533441605,0.8676755866536515
1.0563784493637893,0.6036933807497029,0.972878881513367,0.8615454046391913,1.3209887171522992,-0.8359238601035203,-0.3419606323121695,-1.3925901252496762
0.5517657421060905,-0.7038750660619123,0.7206682290980021,0.9278205495236216,0.4864971540653888,1.428719556158855,0.1612507089813464,1.6300210503126187
0.5164442056776277,-0.8049154829984159,0.5023569699110325,0.5105034112857874,1.4506793441418708,0.0606063044180083,1.1968526039097327,1.0959334855264096
0.764320833771959,0.6447863672788195,0.7803883010966896,0.7956370453922356,1.1779496367022726,-1.087571378730844,-0.14202816927651482,1.3151525679141
1.1920639581150856,0.3663780177499984,1.1573873324052464,1.0793917156028763,1.3077643710450249,-0.3057320970654535,1.5973590357561438,-0.04064683228949384
-0.22512852195829416,0.7297879499627258,-0.2677865083452654,-0.24525100271392758,1.4648112266871658,-0.49579013733780253,0.7899215447555448,0.18023691063019798
0.7079251164695778,0.5165176578182442,0.7830681264282399,0.8617674041677577,-0.784423739470282,0.5244574515285366,1.131756803613668,2.54997325904145
1.019295922546435,-0.1396097074738433,1.0762666519214987,1.1047157792861388,1.7991379167764772,1.7315020882122105,1.0860525505093441,0.6416657517359768
0.045134888754644935,-0.10925344668188157,0.014639665718568725,-0.011268163128368841,-0.784423739470282,0.7609433624471811,0.8784540069789765,1.477628161398212
0.08346581536202033,-0.24987262440301877,0.0866734458689219,0.1422128306125504,-0.784423739470282,0.6981754638338102,-0.3440982521100136,-0.7287272432172268
1.1763614633158348,0.13022456811996513,1.1386696840581563,1.0876717172116492,-0.784423739470282,-0.2409413464066681,1.404624180409652,-0.8963361063189587
-0.7158343907297592,-0.13788884161389967,-0.6982352280845067,-0.5597179371098826,-0.784423739470282,1.054050508074545,-0.36072463963848905,1.1803233344244306
0.9057585402000621,-0.6431290166856557,0.8498416880205796,0.8092581438332294,-0.784423739470282,-1.576013898061399,-1.7150708729227735,-1.365821907954628
0.23152722559639669,-0.6662145274564264,0.2974334831015262,0.4351558580706571,-0.784423739470282,1.8907183143441204,1.6018388946148556,0.07435953867869617
1.0168027479662523,-0.02994073671485967,1.0344380721289557,1.0240828448724377,-0.784423739470282,1.3389083914642155,0.28993441020173094,1.63336826066749
0.870525841293565,-0.3449417895085455,0.8771184293500294,0.86970829977149,0.8575348319974326,-0.27159110645351875,0.04817138213148478,-1.0806882128116926
0.7703366145853087,0.2753420737842445,0.8023521819473536,0.8026404697865717,1.3996096430034115,0.14666346037960684,0.6392122541643854,0.7292954910920859
0.25594961837465924,0.2820727171510524,0.2887723634642275,0.34955315391209213,-0.784423739470282,0.32321073284401786,1.0678614825167967,-0.4230148348509712
0.681385183010518,0.1523318545763112,0.7973811970322108,0.9881419022164919,-0.784423739470282,-0.3331963230042308,-0.3986148557196049,0.859715785094699
-2.583681464968778,-1.3721782331936014,-2.5685674084643346,-3.236079603631617,-0.784423739470282,-0.9278168594449333,1.0289309949966645,-0.7587397511069847
0.10030163141806228,0.27457687735118136,0.13079811180882753,0.20178112829500133,-0.784423739470282,0.799852294118907,0.6444078818068607,-0.39780653103781854
-0.137740313915674,-1.2604368579846599,-0.13956149604712098,-0.1989140448889559,1.2833528796835674,-0.6688717341791858,-0.7261838875837331,-0.06377602117779826
0.5997708625291363,0.18392252129661785,0.6507538366421984,0.6563070776617703,-0.784423739470282,-0.14270454507179905,0.329084505056371,-0.25735953064813694
-2.2575438012125377,-2.6008704232606528,-2.243037805673245,-2.240345166234717,-0.784423739470282,-0.6547581048048127,0.4515737801173929,0.4403362797776054
1.4958814069464945,1.1834490377730473,1.3937180587388944,1.2474076223320905,1.3900789075525624,-0.9408365366847447,-0.5113291610399076,0.11450941807174865
-2.984504670884982,-0.8549343251603027,-3.1222486071014526,-3.2683676189434294,-0.784423739470282,-0.8697230457898126,-1.62162759766346,0.6800915649008289
-0.07029341877922285,0.2100116670432211,0.03635896897525698,0.18134242058117567,1.2142575825228277,0.9626191482635771,0.18451659970079037,2.136114915038332
1.8307315518423037,0.5932491664235616,1.676697210685566,1.4724587134352036,1.7211202434651913,1.1757249323300583,-0.2952156489527004,-0.0011551256353021528
0.18047570541766386,-1.9566374029272473,0.17059538196901594,0.15746982381423624,-0.784423739470282,0.5261284366978445,-0.7403966821824277,-2.0821397266271626
0.3638239335947755,-0.196735007722333,0.43975983228670784,0.5450480978980404,-0.784423739470282,0.3557344394026343,-0.05749753636046061,1.6974951867594086
1.5015348448368913,0.5818912980457559,1.441863454235357,1.3055293506439276,1.2515295267057205,1.0248320972565323,-0.39822364820883727,-1.9160625439455148
-1.7994052975414998,0.4568773923142673,-1.853312772296124,-1.9008571850375091,-0.784423739470282,0.41920137972543986,0.43011052597022437,0.9608748835250871
-0.4766582525036202,-0.23254815319106426,-0.5059974101620064,-0.48633761858955177,-0.784423739470282,1.9512897930990123,0.5393026205254776,-0.1465304556712559
-0.4432987645167791,-0.2902727858649187,-0.49906010593989925,-0.5746433897666936,1.4308743225162068,0.6985611601050269,0.198397151503808,1.4951724139092413
1.2054309281361546,0.13574426470353354,1.1601755825104776,1.109624028965185,0.8535749883439196,-0.1790914246107723,-1.0511683394442204,0.12553891282985247
-0.4281335331230288,-0.41517168707400925,-0.32996116570922557,-0.13303760970735778,-0.784423739470282,-0.10216708514867996,-0.5693409704986069,1.619980167568564
0.0580818146547321,0.7514487942069701,-0.009959705249545456,-0.08143437198288206,-0.784423739470282,0.6198427470298131,0.8893673254674638,-0.09912393961853844
0.14527515696220827,-0.9274062853351739,0.19571115506442685,0.3270935502493204,0.7437622268013583,-0.7061744278603815,0.023897342895223883,-0.31010385216063474
1.3312955083785891,0.5814109420662109,1.2271256517452462,1.0861404741401892,1.6612902926510245,0.34498652536334595,0.3158159736480675,-0.4591702993981881
0.001847699221189584,-0.4726029656441745,0.00857764420634361,-0.07501228049286114,1.5152485818678156,-0.7052025311867994,0.15276287196136548,0.7626166489873127
0.09797284679803879,-2.139534055635807,0.3504248834689567,0.7108000204190718,-0.784423739470282,-1.3992697066771755,0.023401599282259603,0.2614342847713247
0.5449559374692707,1.0761174883486693,0.6016482677094775,0.6991532409550242,-0.784423739470282,-0.8332402532777873,-0.01692797899548162,0.21510539679236818
-1.2655739720666486,-1.4695193908018789,-1.2475869753735687,-1.1997609197612877,-0.784423739470282,0.7025203361820603,-0.012960216914518076,0.42346404960745754
-2.9140166665460674,-0.5079634166410457,-3.0459348798573225,-3.234670527042491,-0.784423739470282,-2.311233361853729,-2.0397320662871046,-0.9694691006662134
-0.29236846484506307,0.48262274773734914,-0.17874701552524935,0.0397104349140181,-0.784423739470282,-0.258220309934671,-0.136496173386344,0.6271225501383247
-0.7692048118455793,-1.6570768787202088,-0.7678301075774306,-0.7750256955119071,-0.784423739470282,-0.9402818357456887,0.4980283370152323,-1.2853745420829692
-1.903054231599299,-0.8835254630385286,-1.9602542124638618,-1.999540205706337,-0.784423739470282,0.649216475677226,0.04434438176058698,0.2042551643154422
1.1022476132359422,-2.2740443357649442,1.046620430206663,0.9101937686951943,0.8396414189177516,-2.6681871920118185,-2.620491251029702,-2.4084661064967277
-0.8294851962026687,0.545180799990812,-0.8655703589380901,-0.8630390677308966,-0.784423739470282,-1.9859008382300178,-0.9944062184168382,-1.6753778007251694
1.1559365103288588,-1.033030576659736,1.14036085883827,1.087871070360187,-0.784423739470282,0.6813483048344322,1.7974630846337334,-0.4574268348782659
1.2162174364318188,2.1293948848356297,1.1100560202489986,0.9777466280146776,-0.784423739470282,0.6063385417280628,-0.5270411818893989,-0.42002250077780434
-1.05483375258019,-1.7035992399444864,-1.0232027818832727,-0.9605296239643013,-0.784423739470282,0.7810563174570136,1.4468280183901965,-0.789368060387805
0.6652618468660548,1.392757910947117,0.6451747721639315,0.6175355321343655,0.5793802340094634,-0.13856658118367451,1.8691052980699003,-0.9230120358736075
-0.6210873502299653,1.0201464006426013,-0.6662426711307012,-0.6690677110670459,-0.784423739470282,0.4047368874058235,-0.7648913868646344,0.19226453039173352
0.3466260235330918,0.44482907279093176,0.3330105728264329,0.3739140390659572,1.2866808249097648,-0.342188708624186,0.10331271096692288,1.1048832955970829
-2.8527151751927056,-2.7772761914511626,-2.9780038195496927,-3.140836140547704,-0.784423739470282,-0.8432025399567062,-0.9872186762451002,-2.1060110470224744
0.846572601495723,0.9129359689714407,0.8297024626214201,0.7467576026652797,0.9804504132854308,-0.8814053184936814,-0.7231464654780151,-0.1396015916287951
0.9633086900443012,0.5192739467342331,0.9289604322864691,0.8381913854090733,-0.784423739470282,-0.45709959827216207,-1.5834621592087008,-1.245539141977578
0.991904561845988,0.2736866555107269,1.0069631647755573,1.0008882638580738,0.9607864474447707,-0.0810967655286418,0.6953370139728668,0.5910238039509347
-1.8767373420925795,-0.02204308812384325,-1.8926270959128673,-1.8385515721761991,-0.784423739470282,-0.18215616514734914,1.368241839183711,0.8452504133315492
1.4869233651521945,0.00559333262027668,1.3856992219263429,1.2295940226985562,1.073008590809066,-0.9682408785554686,-0.9589216970123544,-1.2087922281482189
0.8714229806568091,-1.9003521120122562,1.0471070286889328,1.1912746602299058,1.0905690176636773,2.2560640924160222,0.947042289508416,0.039977650864989146
1.1892437012997263,0.06199016659047032,1.1265487000430876,1.0344472014155397,-0.784423739470282,0.36225823320810324,-0.09951317223672997,0.31153080329728144
1.2649411883407906,0.08068568100522247,1.1779978182047286,1.059291578775227,1.6167191158800538,-0.3814877876780589,1.7960655272672152,0.1004743848448948
0.272962948126561,-1.5981014488879048,0.26273701055586546,0.3145143077084219,-0.784423739470282,-2.1496765014600907,-2.612052569613009,-1.898460466454771
-0.5795797742753722,0.051181465547066735,-0.5290619529250319,-0.439637613479917,-0.784423739470282,1.5267307415941775,-0.8611582502039481,0.09264337214213522
-1.8190839253066597,-0.18178797475524644,-1.8931423929770568,-2.031033826696343,-0.784423739470282,0.17984943698829559,-0.008810979936096476,1.0434475814496413
1.259057730726678,1.0366593649228026,1.270374630247834,1.2412080118986708,1.2279031594803758,0.18494977459024478,1.3791134389320892,0.8948155974820489
-0.29573446467714787,-0.763401585536538,-0.2995931702477956,-0.30083178794977705,-0.784423739470282,0.7424430741547489,0.4074428597490719,0.019096605041971457
-0.17349429651053377,0.6588154096957654,-0.21359198196671603,-0.23631860656260778,1.2989245103765945,1.2980409241801458,-0.14484254361430235,0.23005969271375387
-0.3510764095263965,1.4311144510007732,-0.3639441756292377,-0.36888852592144017,-0.784423739470282,1.0720043047835484,0.5493610291095121,0.4056574782542354
1.5840855045392939,-0.28890188785532644,1.4824568210044744,1.3136342845677833,1.2751804883052524,-1.4352899450345826,-1.9186409632120642,-1.3705318696815025
0.7782752130738884,0.6789498567516344,0.7833624373937207,0.7949959240655882,-0.784423739470282,1.883507722153375,-0.15660867502769993,1.2132679481221311
0.2655341967739012,1.108167910693426,0.2634313990708368,0.2357198927534694,1.2881351448301959,0.6428944971690426,-0.48560836940877167,0.9806916606850724
1.2258593265671909,0.7039930456901632,1.3041447548344027,1.3087895054017717,1.5030762108743616,-0.3442297247754385,-0.7148248388732498,0.3128925240788747
-1.2803149112940375,-0.9825624560121283,-1.2251418174133655,-1.13864473328687,-0.784423739470282,-0.7535738585642321,0.8424532588635582,0.8834800152159604
0.2461144858302936,-2.8398941287885062,0.152391528874977,0.13180357036765256,-0.784423739470282,-1.9727352354487366,-2.5315473685257985,-0.3630922574805939
0.98723488077845,0.5491140739583049,0.9836390457309334,0.9740769614323274,-0.784423739470282,1.6360611400602476,0.5047447818318017,0.14827973710891557
-1.792484365834785,-0.251113429520552,-1.8468784072446858,-1.9347022356785832,-0.784423739470282,-2.159316816961805,-0.3038105052365405,-0.7692530621351285
0.5952657553775251,0.754226648246054,0.6354248727528663,0.7064532477662893,-0.784423739470282,-1.3525068972997845,-0.6724357092496624,-0.6400995635652104
0.13940789793557518,-2.1029710590684294,0.1942841244268831,0.2368884321952992,-0.784423739470282,-1.05686512114519,0.28766497948250164,-1.0416168883921615
-0.7840399317132023,0.6565229185321748,-0.6642810783207559,-0.4108058637805056,-0.05945640231132046,0.38585789408834115,-0.3054956235603127,0.3641553040963728
-2.852966694252315,-1.714488587763113,-2.9802873226761717,-3.1316581101579066,-0.784423739470282,-1.8765773775636418,-1.108732998861229,0.08642019216394024
0.2800699442440482,-0.37631611349626803,0.38305260428674215,0.46068515036025187,-0.784423739470282,0.022159651994377284,1.145157050621744,0.0726603435286611
-0.03741743676478773,0.8319335307780759,-0.11269089804405696,-0.23460311407605955,-0.784423739470282,0.3288612354882333,-0.23831459618883355,-1.1159842651845566
0.3910693617641636,-1.1221637817830172,0.3318847011138601,0.35678188303370106,-0.784423739470282,-0.8026776503876971,-1.848211187651576,-1.9706633458670837
0.7335746369388624,1.049149286931116,0.7249386622975261,0.744740055703399,-0.784423739470282,-0.2929542300494938,-0.6908708132972281,0.025127557244024393
1.142702093825695,0.27021354180553603,1.1209086040699527,1.0643353423901958,1.5446035683801287,1.138387881330152,0.4404878492994372,-0.48736788556405425
0.31357054241955373,-1.3542475504128884,0.3586522801322056,0.38381609826831425,1.5567480719315057,-1.0419072023316964,-0.3937450958110616,-1.0012566530681999
1.1352441902892063,1.4100338859650134,1.1682067964148737,1.1554559337139783,0.846564694365051,1.3691781510758496,0.7292090730564158,0.39197541874215835
0.16665550076431604,1.0846967471304432,0.1530386832700272,0.09023652596325914,1.2482037887524728,-0.5771028814944436,0.05417529103003547,0.4371626436396357
-0.3511814260034526,0.2758116182959421,-0.32229063099753813,-0.234038979852279,1.4304911284167297,1.4976492667439496,-0.8369613572113543,0.4776455864627672
0.7358275220715293,-0.48179639642684446,0.6652648352462576,0.5187528857149792,-0.784423739470282,-0.13825463049497047,0.9526774610773066,-0.27935198559996904
1.4111882026364404,-0.42174676823674606,1.3270594307361547,1.2221770400957988,0.896809444475994,0.0888365110071337,1.0852848829418322,-1.5140734893693284
0.22226790621475181,1.1500141601939142,0.19508116482677282,0.12353455238806879,1.0983074021109134,0.24674609875633569,-0.005478746193548146,-0.46559857730581444
-1.3677928252442508,0.9265914773530094,-1.3356615532506015,-1.3624435364026009,-0.784423739470282,-0.47800793727361446,0.19092809221450646,0.5861688640788861
0.019281272476219323,0.22997617481727622,0.11089907297531426,0.25738063995362326,-0.784423739470282,0.11265591428683909,0.638283868286619,-0.10857986121235193
-1.4713100650470827,-0.14715638976124187,-1.4565380316367236,-1.4599979090037012,-0.784423739470282,-0.9393262860784986,1.4174249026013979,1.1042046329076807
0.09564778235414123,-0.20957008278809994,0.1498144080635469,0.22532178602043623,0.6592246972862461,0.9192075826110393,-0.49062080737601316,-0.29945743255835133
0.6203838837689277,-1.1415447851412515,0.6221421294132901,0.5793825250599822,-0.784423739470282,-1.672346072327154,-1.8981321715735522,-0.48736839464890375
-0.07007728275588673,0.32725195874977464,-0.05019946320713346,-0.04742994341919401,-0.784423739470282,0.1599986749822798,0.7549945179205194,0.10340969645357319
1.1555585148266942,-0.7150750618104375,1.077179292039299,0.9986671703552183,-0.784423739470282,-2.347963564618354,-2.0415056904625937,-2.430152491968781
0.8110928732813851,-0.6518817638521257,0.8675587992690932,0.9235819317457913,-0.784423739470282,0.8510781754392436,-0.22484325895625656,-0.6588676345520239
0.3924899269001074,0.8400494383724517,0.33907439178855603,0.3474014533108323,1.5528909789602423,0.9065678449160102,2.089022463831704,0.1305592327821252
1.1030698522184934,-1.440372402760172,1.1051306862669696,1.0698078031252591,1.0788055651641029,1.213547678500043,-1.127727265935238,-0.7336264457767714
-0.3871550174125294,-0.0391932683048317,-0.31733195953108884,-0.27095757428731265,-0.784423739470282,0.6725142669912489,2.054005655381455,1.4766293082049424
1.2686542351499515,1.0497068868232946,1.1948374458780444,1.0412606901794406,1.0853344130594627,-0.1324347038499269,-0.5109105326847476,-0.7927173220309024
-0.18843264134901053,0.034789278509636826,-0.27528950049611295,-0.36314548132151114,1.5332715482431138,1.1459376319936658,0.30661056546324983,0.5219065977629284
0.9545420970222749,0.13154501303037694,1.0623259851321287,1.0691208797955267,1.433126060851991,0.6485719619384318,0.9450011566011688,0.29495113169859477
-1.1286122493553665,0.18349050038497053,-1.2278439868301918,-1.320823860221245,-0.784423739470282,-1.1614994206799862,-1.390188298146385,0.0747122744676945
0.11944576980647116,0.9470651600277897,0.18581683214181804,0.3389852295422184,1.100441232955629,0.0914209444279358,-0.4918808796272056,0.6897402809662291
0.3578125373858752,0.48184662951174184,0.3171926077220701,0.30699088022728577,-0.784423739470282,-0.33236069105239047,-0.8510855063188021,-1.0144798365472456
-1.6255350694488817,-0.07037669434053351,-1.6716316201454515,-1.676418604817083,0.09514672786809136,-0.029025165934982725,0.6015196938449233,1.1805154592158154
-1.3921560466965281,-0.18254985946128774,-1.4523144014719012,-1.5247861762292545,-0.784423739470282,1.725614427529566,0.7014388725692938,1.2682965787441105
0.9808650942785108,-0.8084334039474099,1.110818104173554,1.1662036641060776,1.679328306768302,0.4349873305521286,0.18091638449848416,-1.2080281385241938
1.3223972165855105,-2.009670509135226,1.3667112902748095,1.358241676003793,1.526332587075015,-0.3444717016079418,-0.023923593917041724,-1.5258645195589224
0.6180797040553911,-0.19104597216865515,0.6219811439232428,0.6521666579422472,-0.784423739470282,0.3539879908087081,0.11508354686216551,-0.19446302151785405
-1.3696947635783774,-2.3741462285430086,-1.3531415468347485,-1.428907728799806,-0.784423739470282,-3.7834179981085256,-3.458630060204236,-3.551156953018435
0.38552553482612345,-0.3896816380147825,0.4068787311908059,0.47993597028394613,1.1869631054756986,0.7471591789475293,-0.8295685502352627,-0.35969452393232537
-2.207208953347631,-0.34252678088056987,-2.2309611264978395,-2.297725407006673,-0.784423739470282,1.1987985111889685,-0.7678616217694031,-0.3203355759469498
-0.44948787321125816,0.770764814627779,-0.462447661054695,-0.42200207369777637,-0.784423739470282,0.6191595233816565,1.9361696010799572,-0.7046261686864259
-0.21372053060408133,-0.35395407110259247,-0.18402022944279317,-0.18617868826818476,1.575509699924751,-1.161126548977918,0.3180078302487324,-1.6036051796921273
0.2712090635728288,0.5381140052437025,0.24774764862663462,0.2217664470360652,-0.784423739470282,-0.4084845628883288,-0.5340666158814352,-0.41873277554473304
1.1166717972281004,-0.45267823002774144,1.031456938317467,0.882650099801084,1.4802070121145543,-0.29886993218136154,0.5934726350504996,-0.5165603047488956
-0.40556309751417885,-0.7222310707093915,-0.49077856176201046,-0.5906802696428598,-0.784423739470282,0.7356592847604583,0.18710892450172528,0.7911340733496016
-1.1651748724040558,0.05473676695760536,-1.087553608200329,-1.0136408034492423,-0.784423739470282,1.5589184580842763,0.9288860567285955,0.28502552130760955
0.1026560469426927,-0.4206055215447794,0.07153437767309023,0.08249957136686345,-0.784423739470282,0.6827474095492642,-0.29345146737216765,0.7827019568830661
1.3368823320360093,0.12189517408322002,1.2469788737712786,1.1246602448361045,-0.784423739470282,0.777547404152846,0.5895732685771958,-0.6758397404905319
1.0972050331706145,0.6681789673009433,1.0069626068175126,0.9309353707756234,1.523746276788962,-0.14147764691445067,-0.7721082426382756,-0.2784954566210557
-0.49794575654209744,0.7575813399361396,-0.5802299392692051,-0.6781432607573661,-0.784423739470282,0.9589960331038063,-0.7069323543590396,-0.7619430772576907
-0.7564437080404277,0.026179844271139244,-0.6556278372854293,-0.5074444524923162,-0.784423739470282,0.4058044239482133,1.7066485237382287,-0.33074982752200066
0.4595209190890967,1.2511691895942287,0.4346104810789468,0.3988426747486074,1.022798503128607,0.0073510185521029675,1.348843085690973,-0.4297455582975211
1.1000166350660376,0.37237075157253163,1.076645229665417,1.0499852013247244,-0.784423739470282,-0.25400260869734875,-0.26873895903774625,1.8218228818590614
0.010515780938854068,0.3922197065115751,0.010333724648290094,0.051326428373479185,1.3844040232438108,0.2277712961887147,-0.32676127229455204,1.9138974487739102
0.3462154494643014,-1.0260455902798251,0.3930324986961372,0.36454980945621945,0.6159005870972871,1.186454957858869,0.2831752338531608,-0.4831821821299264
0.7177782956580678,0.0034139532080587937,0.7598034345768792,0.8374453225597278,-0.784423739470282,0.254280048251971,0.8584310078860378,-0.2494545823266963
0.5824086910148528,0.8902037033912616,0.6350834960352899,0.6981850260993949,1.658818227236724,0.074737877074511,1.3029284249727013,0.9258705646061044
0.41926785642556064,-0.18416560647625446,0.4393727250424492,0.5200277358847563,1.597197585315925,-0.47091967267040913,-0.34159622387244165,0.8722360232568156
-0.4535842172041039,-3.5730289315352017,-0.3800750705609441,-0.21394431704948402,1.2714045724701668,-1.8355555504188372,0.9889691703506173,-1.461265522687301
-2.179958009238438,1.2198054150735427,-2.2127453180938095,-2.2088831845121963,-0.784423739470282,-0.2881321989844344,-0.19375556509995168,1.181357888038921
1.069250517194611,0.3128752895898538,1.0059844412341408,0.9434953942747698,-0.784423739470282,-0.4430248440568412,0.4428540506925756,0.03700069848441341
-1.8232999004743504,-1.8999676505591678,-1.879478645895178,-1.885830018618623,-0.784423739470282,1.4039484535921622,0.4370963035644381,1.424336487984903
1.0182467394679264,0.9581509308224498,1.1286613000541112,1.2201090087524786,1.1002789314468346,2.1251401908350127,1.4545868403442426,0.9043792022674565
-1.0907276160253643,0.26659531568093486,-1.1575324376643192,-1.2078483329442053,-0.784423739470282,-0.3557973124260372,1.5405226074091078,0.08423125924673303
0.30152586792010394,0.6133519286754784,0.2894360832438868,0.31916867964875895,-0.784423739470282,-0.8805637285335727,-1.4553852110596595,-0.3939795019045206
-0.4644891625749298,0.1110480562018788,-0.4884568840196334,-0.45474446852354333,1.357242202823164,0.7932205015579751,1.2921038679369161,-0.14652727544489694
-0.19745905189904786,0.29287690016650364,-0.19184579897178156,-0.1833652865041322,-0.784423739470282,0.2755142597794995,-0.4228451508532042,1.057030163411178
1.1159121546475188,1.6111787160902862,1.0977704160241908,1.0406773361193782,1.242706166140072,0.0193760837433981,0.02570337183837384,-0.22434258107902305
-2.383165853879003,0.7636165557123068,-2.4652614753891675,-2.4595373245910577,-0.784423739470282,-0.41006106323296354,-1.1832413676396674,-0.7295328017631664
0.9276717163254293,0.7087943801145016,0.9211016957348889,0.852805832855463,1.5913812736651134,0.9714231251908207,-0.6446157578970071,-0.3407784322332339
-1.0963035032372024,0.6952794309681841,-1.0723906761171638,-0.9590899191772693,-0.784423739470282,-0.5793402306335379,-0.0639451072378303,-0.6351681178374473
0.7162633976150091,0.6693024484709361,0.6667231706803908,0.608417424556914,0.7238105683230307,-0.47974525215912533,-1.1356002252530715,-0.5356698176891607
-1.1654360393998944,-0.48646225242470165,-1.1300214258520827,-1.1724476952790994,-0.784423739470282,1.2436343921839699,-1.5394083803693368,0.6547494086629148
1.2340538645063936,0.6175826500965804,1.1629012998184232,1.0328898608863155,-0.784423739470282,-0.7482301922688817,-0.9360368148006504,-1.2890870443390776
0.060131763810298486,0.2925879553116111,0.08008175915705552,0.12349935170064849,1.4353476294367413,-0.8211716742703503,0.1918163197140085,1.5993583942805087
0.5709650803874485,1.36039109537206,0.7065583153754609,0.8737828636880476,1.4325229002174378,0.5100257656705569,-0.22162664740855859,0.7115950511152278
0.626778002703572,1.6715139552444616,0.5831040645276203,0.5114899850850454,1.2912891291755801,1.5819996221968553,0.5548632023037199,1.1737080117907022
0.03138144889883701,1.6346644576854625,0.015294735361287696,0.013571367233326408,-0.784423739470282,0.7535674325714863,-0.18186658468065278,1.0458330684741541
0.20805885838757995,1.4851692414548365,0.18860597275083849,0.16006976123706324,-0.784423739470282,1.3124801892334186,-0.4753831303218814,-1.0520894660452933
-0.8340774146226688,0.8028012396454204,-0.7973829230583394,-0.7226998323716357,-0.784423739470282,0.8725565985445933,1.814208361445429,0.772081890151856
-0.4238594382240866,0.048671169992635245,-0.39718054159926386,-0.42381349057311457,-0.784423739470282,0.002740680751498122,1.807129819891908,-0.5639683122912704
-1.0188050006099447,-0.6171109589744731,-1.0407413936719812,-0.9827727328011144,-0.784423739470282,0.9747188694368583,-0.6244988652489432,0.11369601254792237
-2.335731578959063,-2.1124625829429156,-2.402288818350227,-2.582052952857468,-0.784423739470282,-2.394763548163141,-0.8249473782598179,1.6850119691982184
0.6381509525947634,0.9028509991268864,0.6559848784843345,0.6698152759226395,1.2579606735896023,0.599729145023891,1.6485854679967014,1.3398480877873689
0.36829293937913066,1.6600804565033305,0.3580406119354272,0.4027362376180525,1.2215571833036416,-0.5562165810637145,0.529489711714056,-0.35111651871577376
0.7295613314175253,-0.7078363688596615,0.6953572698763953,0.6976512224211109,0.8472049586255801,-0.02730273942195471,-1.3837888486573493,-0.48812912645534773
0.8049818788967384,-0.12330571708736959,0.8475451754419063,0.8848652043391022,1.113165081196818,1.098376986290714,1.5187578583621053,0.1257464757624981
-0.26561494086558013,0.10625323861886196,-0.2735928717835837,-0.2812645347663743,-0.784423739470282,0.3123521204115147,-0.9539619612459105,-0.17642922328470242
1.4021404456171302,1.4294230939021868,1.3669994541989448,1.2435314560853254,1.5102324525231843,-0.4218433379737019,0.44668720945323276,-0.6872914972583148
-0.7410353655085434,0.8633154034163057,-0.7319645564293705,-0.6523991861962659,-0.784423739470282,-0.8837057541125328,-0.20179620618952393,-0.4113220493082349
1.0584786677270552,-0.47633653531880366,0.98800956146032,0.9385885026592488,-0.784423739470282,-1.1759263934180288,-1.4047541657398719,-1.6848677286409244
-1.6057628747225663,0.054569829364280086,-1.6736534548178845,-1.8078690613879722,1.3727183627792088,-2.0482845814071373,-1.1329604955479142,-0.1611292971781567
